-- Xóa các view nếu tồn tại
DROP VIEW IF EXISTS view_appointment_list CASCADE;
DROP VIEW IF EXISTS view_patient_list CASCADE;
DROP VIEW IF EXISTS view_invoice CASCADE;
DROP VIEW IF EXISTS view_daily_revenue CASCADE;
DROP VIEW IF EXISTS view_medicine_usage CASCADE;

-- Xóa các trigger nếu tồn tại
DROP TRIGGER IF EXISTS trigger_check_max_patients ON appointment_lists;
DROP TRIGGER IF EXISTS update_appointment_lists_updated_at ON appointment_lists;
DROP TRIGGER IF EXISTS trigger_check_max_disease_types ON disease_types;
DROP TRIGGER IF EXISTS update_disease_types_updated_at ON disease_types;
DROP TRIGGER IF EXISTS trigger_check_max_medicines ON medicines;
DROP TRIGGER IF EXISTS update_medicines_updated_at ON medicines;
DROP TRIGGER IF EXISTS trigger_check_max_usage_instructions ON usage_instructions;
DROP TRIGGER IF EXISTS update_usage_instructions_updated_at ON usage_instructions;
DROP TRIGGER IF EXISTS trigger_calculate_total_fee ON invoices;
DROP TRIGGER IF EXISTS update_invoices_updated_at ON invoices;
DROP TRIGGER IF EXISTS trigger_check_medicine_stock ON prescriptions;
DROP TRIGGER IF EXISTS trigger_update_medicine_stock ON prescriptions;
DROP TRIGGER IF EXISTS update_prescriptions_updated_at ON prescriptions;
DROP TRIGGER IF EXISTS update_settings_updated_at ON settings;
DROP TRIGGER IF EXISTS update_patients_updated_at ON patients;
DROP TRIGGER IF EXISTS update_roles_updated_at ON roles;
DROP TRIGGER IF EXISTS update_staff_updated_at ON staff;
DROP TRIGGER IF EXISTS update_medical_records_updated_at ON medical_records;
DROP TRIGGER IF EXISTS update_permissions_updated_at ON permissions;
-- Xóa các bảng cũ nếu tồn tại
DROP TABLE IF EXISTS role_permissions CASCADE;
DROP TABLE IF EXISTS permissions CASCADE;
DROP TABLE IF EXISTS staff CASCADE;
DROP TABLE IF EXISTS roles CASCADE;
DROP TABLE IF EXISTS invoices CASCADE;
DROP TABLE IF EXISTS prescriptions CASCADE;
DROP TABLE IF EXISTS usage_instructions CASCADE;
DROP TABLE IF EXISTS medicines CASCADE;
DROP TABLE IF EXISTS medical_records CASCADE;
DROP TABLE IF EXISTS disease_types CASCADE;
DROP TABLE IF EXISTS appointment_lists CASCADE;
DROP TABLE IF EXISTS patients CASCADE;
DROP TABLE IF EXISTS settings CASCADE;

-- Tạo các function
CREATE OR REPLACE FUNCTION update_updated_at_column()
RETURNS TRIGGER AS $$
BEGIN
    NEW.updated_at = CURRENT_TIMESTAMP;
    RETURN NEW;
END;
$$ language 'plpgsql';

CREATE OR REPLACE FUNCTION check_max_patients_per_day()
RETURNS TRIGGER AS $$
DECLARE
    max_patients INTEGER;
    current_count INTEGER;
BEGIN
    SELECT value::INTEGER INTO max_patients FROM settings WHERE key = 'max_patients_per_day';
    IF max_patients IS NULL THEN
        max_patients := 40; -- Giá trị mặc định
    END IF;
    SELECT COUNT(*) INTO current_count FROM appointment_lists WHERE appointment_date = NEW.appointment_date;
    IF current_count >= max_patients THEN
        RAISE EXCEPTION 'P0001' 
            USING MESSAGE = 'Số lượng bệnh nhân trong ngày đã đạt tối đa',
                  DETAIL = 'Ngày: ' || NEW.appointment_date || ', Số lượng hiện tại: ' || current_count || ', Giới hạn: ' || max_patients,
                  HINT = 'Vui lòng chọn ngày khác hoặc liên hệ quản trị viên để tăng giới hạn';
    END IF;
    RETURN NEW;
END;
$$ language 'plpgsql';

CREATE OR REPLACE FUNCTION check_max_disease_types()
RETURNS TRIGGER AS $$
DECLARE
    max_disease_types INTEGER;
    current_count INTEGER;
BEGIN
    -- Get max_disease_types from settings
    SELECT value::INTEGER INTO max_disease_types
    FROM settings
    WHERE key = 'max_disease_types';

    -- Get current count of disease types
    SELECT COUNT(*) INTO current_count
    FROM disease_types;

    -- Check if adding new disease type would exceed limit
    IF current_count >= max_disease_types THEN
        RAISE EXCEPTION 'P0001' 
            USING MESSAGE = 'Đã đạt đến giới hạn số lượng loại bệnh',
                  DETAIL = 'Số lượng loại bệnh hiện tại: ' || current_count || ', Giới hạn: ' || max_disease_types,
                  HINT = 'Vui lòng xóa bớt các loại bệnh không sử dụng hoặc tăng giới hạn trong cài đặt';
    END IF;

    RETURN NEW;
END;
$$ LANGUAGE plpgsql;

CREATE OR REPLACE FUNCTION check_max_medicines()
RETURNS TRIGGER AS $$
DECLARE
    max_medicines INTEGER;
    current_count INTEGER;
BEGIN
    -- Get max_medicines from settings
    SELECT value::INTEGER INTO max_medicines
    FROM settings
    WHERE key = 'max_medicines';

    -- Get current count of medicines
    SELECT COUNT(*) INTO current_count
    FROM medicines;

    -- Check if adding new medicine would exceed limit
    IF current_count >= max_medicines THEN
        RAISE EXCEPTION 'P0001' 
            USING MESSAGE = 'Đã đạt đến giới hạn số lượng thuốc',
                  DETAIL = 'Số lượng thuốc hiện tại: ' || current_count || ', Giới hạn: ' || max_medicines,
                  HINT = 'Vui lòng xóa bớt các thuốc không sử dụng hoặc tăng giới hạn trong cài đặt';
    END IF;

    RETURN NEW;
END;
$$ LANGUAGE plpgsql;

CREATE OR REPLACE FUNCTION check_max_usage_instructions()
RETURNS TRIGGER AS $$
DECLARE
    max_instructions INTEGER;
    current_count INTEGER;
BEGIN
    SELECT value::INTEGER INTO max_instructions FROM settings WHERE key = 'max_usage_instructions';
    IF max_instructions IS NULL THEN
        max_instructions := 4; -- Giá trị mặc định
    END IF;
    SELECT COUNT(*) INTO current_count FROM usage_instructions;
    IF current_count >= max_instructions THEN
        RAISE EXCEPTION 'P0001' 
            USING MESSAGE = 'Đã đạt đến giới hạn số lượng cách dùng',
                  DETAIL = 'Số lượng cách dùng hiện tại: ' || current_count || ', Giới hạn: ' || max_instructions,
                  HINT = 'Vui lòng xóa bớt các cách dùng không sử dụng hoặc tăng giới hạn trong cài đặt';
    END IF;
    RETURN NEW;
END;
$$ language 'plpgsql';

CREATE OR REPLACE FUNCTION calculate_total_fee()
RETURNS TRIGGER AS $$
BEGIN
    NEW.total_fee = NEW.examination_fee + NEW.medicine_fee;
    RETURN NEW;
END;
$$ language 'plpgsql';

CREATE OR REPLACE FUNCTION check_medicine_stock()
RETURNS TRIGGER AS $$
DECLARE
    available_stock INTEGER;
    medicine_name VARCHAR(100);
BEGIN
    SELECT quantity_in_stock, name INTO available_stock, medicine_name 
    FROM medicines WHERE id = NEW.medicine_id;
    
    IF available_stock < NEW.quantity THEN
        RAISE EXCEPTION 'P0001' 
            USING MESSAGE = 'Không đủ số lượng thuốc trong kho',
                  DETAIL = 'Thuốc: ' || medicine_name || ', Số lượng yêu cầu: ' || NEW.quantity || ', Số lượng hiện có: ' || available_stock,
                  HINT = 'Vui lòng kiểm tra lại số lượng thuốc trong kho hoặc nhập thêm thuốc';
    END IF;
    RETURN NEW;
END;
$$ LANGUAGE plpgsql;

CREATE OR REPLACE FUNCTION update_medicine_stock()
RETURNS TRIGGER AS $$
DECLARE
    medicine_name VARCHAR(100);
BEGIN
    SELECT name INTO medicine_name FROM medicines WHERE id = NEW.medicine_id;
    
    UPDATE medicines
    SET quantity_in_stock = quantity_in_stock - NEW.quantity
    WHERE id = NEW.medicine_id;
    
    RETURN NEW;
END;
$$ LANGUAGE plpgsql;

CREATE OR REPLACE FUNCTION get_monthly_revenue(month INTEGER, year INTEGER)
RETURNS TABLE (
    "Ngày" DATE,
    "Số Bệnh Nhân" INTEGER,
    "Doanh Thu" DECIMAL(10, 2)
) AS $$
BEGIN
    RETURN QUERY
    SELECT 
        payment_date::DATE,
        COUNT(*)::INTEGER,
        SUM(total_fee)
    FROM 
        invoices
    WHERE 
        EXTRACT(MONTH FROM payment_date) = month AND
        EXTRACT(YEAR FROM payment_date) = year AND
        status = 'paid'
    GROUP BY 
        payment_date::DATE;
END;
$$ LANGUAGE plpgsql;

CREATE OR REPLACE FUNCTION calculate_age(birth_year INTEGER)
RETURNS INTEGER AS $$
BEGIN
    RETURN EXTRACT(YEAR FROM CURRENT_DATE) - birth_year;
END;
$$ LANGUAGE plpgsql;

-- Tạo các bảng không có khóa ngoại trước
CREATE TABLE settings (
    id SERIAL PRIMARY KEY,
    key VARCHAR(50) NOT NULL UNIQUE,
    value TEXT NOT NULL,
    description TEXT,
    created_at TIMESTAMP DEFAULT CURRENT_TIMESTAMP,
    updated_at TIMESTAMP DEFAULT CURRENT_TIMESTAMP
);

CREATE TABLE patients (
    id SERIAL PRIMARY KEY,
    full_name VARCHAR(100) NOT NULL,
    gender VARCHAR(10) CHECK (gender IN ('Nam', 'Nữ', 'Khác')),
    birth_year INTEGER CHECK (birth_year > 1900),
    phone VARCHAR(20) UNIQUE,
    address TEXT,
    created_at TIMESTAMP DEFAULT CURRENT_TIMESTAMP,
    updated_at TIMESTAMP DEFAULT CURRENT_TIMESTAMP
);

CREATE TABLE disease_types (
    id SERIAL PRIMARY KEY,
    name VARCHAR(100) NOT NULL UNIQUE,
    description TEXT,
    created_at TIMESTAMP DEFAULT CURRENT_TIMESTAMP,
    updated_at TIMESTAMP DEFAULT CURRENT_TIMESTAMP
);

CREATE TABLE roles (
    id SERIAL PRIMARY KEY,
    name VARCHAR(50) NOT NULL UNIQUE CHECK (name IN ('admin', 'doctor', 'receptionist')),
    description TEXT,
    created_at TIMESTAMP DEFAULT CURRENT_TIMESTAMP,
    updated_at TIMESTAMP DEFAULT CURRENT_TIMESTAMP
);

CREATE TABLE medicines (
    id SERIAL PRIMARY KEY,
    name VARCHAR(100) NOT NULL UNIQUE,
    unit VARCHAR(20) NOT NULL CHECK (unit IN ('viên', 'chai')),
    price DECIMAL(10, 2) NOT NULL CHECK (price >= 0),
    quantity_in_stock INTEGER NOT NULL DEFAULT 0 CHECK (quantity_in_stock >= 0),
    description TEXT,
    created_at TIMESTAMP DEFAULT CURRENT_TIMESTAMP,
    updated_at TIMESTAMP DEFAULT CURRENT_TIMESTAMP
);

CREATE TABLE usage_instructions (
    id SERIAL PRIMARY KEY,
    instruction TEXT NOT NULL UNIQUE,
    description TEXT,
    created_at TIMESTAMP DEFAULT CURRENT_TIMESTAMP,
    updated_at TIMESTAMP DEFAULT CURRENT_TIMESTAMP
);

CREATE TABLE permissions (
    id SERIAL PRIMARY KEY,
    name VARCHAR(50) NOT NULL UNIQUE,
    description TEXT,
    created_at TIMESTAMP DEFAULT CURRENT_TIMESTAMP,
    updated_at TIMESTAMP DEFAULT CURRENT_TIMESTAMP
);

-- Tạo các bảng có khóa ngoại
CREATE TABLE staff (
    id SERIAL PRIMARY KEY,
    username VARCHAR(50) NOT NULL UNIQUE,
    password VARCHAR(255) NOT NULL,
    full_name VARCHAR(100) NOT NULL,
    email VARCHAR(100) UNIQUE,
    phone VARCHAR(20),
    address TEXT,
    role_id INTEGER REFERENCES roles(id) ON DELETE RESTRICT,
    is_active BOOLEAN DEFAULT true,
    last_login TIMESTAMP,
    created_at TIMESTAMP DEFAULT CURRENT_TIMESTAMP,
    updated_at TIMESTAMP DEFAULT CURRENT_TIMESTAMP
);

CREATE TABLE appointment_lists (
    id SERIAL PRIMARY KEY,
    patient_id INTEGER REFERENCES patients(id) ON DELETE RESTRICT,
    appointment_date DATE NOT NULL,
    appointment_time TIME,
    order_number INTEGER NOT NULL,
    status VARCHAR(20) CHECK (status IN ('waiting', 'in_progress', 'completed', 'cancelled')),
    notes TEXT,
    created_at TIMESTAMP DEFAULT CURRENT_TIMESTAMP,
    updated_at TIMESTAMP DEFAULT CURRENT_TIMESTAMP,
    UNIQUE (appointment_date, order_number)
);

CREATE TABLE medical_records (
    id SERIAL PRIMARY KEY,
    patient_id INTEGER REFERENCES patients(id) ON DELETE RESTRICT,
    staff_id INTEGER REFERENCES staff(id) ON DELETE RESTRICT,
    examination_date DATE NOT NULL,
    symptoms TEXT,
    diagnosis TEXT,
    disease_type_id INTEGER REFERENCES disease_types(id) ON DELETE RESTRICT,
    status VARCHAR(20) CHECK (status IN ('pending', 'completed', 'cancelled')),
    notes TEXT,
    created_at TIMESTAMP DEFAULT CURRENT_TIMESTAMP,
    updated_at TIMESTAMP DEFAULT CURRENT_TIMESTAMP
);

CREATE TABLE prescriptions (
    id SERIAL PRIMARY KEY,
    medical_record_id INTEGER REFERENCES medical_records(id) ON DELETE RESTRICT,
    medicine_id INTEGER REFERENCES medicines(id) ON DELETE RESTRICT,
    staff_id INTEGER REFERENCES staff(id) ON DELETE RESTRICT,
    quantity INTEGER NOT NULL CHECK (quantity > 0),
    usage_instruction_id INTEGER REFERENCES usage_instructions(id) ON DELETE RESTRICT,
    notes TEXT,
    created_at TIMESTAMP DEFAULT CURRENT_TIMESTAMP,
    updated_at TIMESTAMP DEFAULT CURRENT_TIMESTAMP
);

CREATE TABLE invoices (
    id SERIAL PRIMARY KEY,
    medical_record_id INTEGER REFERENCES medical_records(id) ON DELETE RESTRICT,
    staff_id INTEGER REFERENCES staff(id) ON DELETE RESTRICT,
    examination_fee DECIMAL(10, 2) NOT NULL DEFAULT 30000 CHECK (examination_fee >= 0),
    medicine_fee DECIMAL(10, 2) NOT NULL DEFAULT 0 CHECK (medicine_fee >= 0),
    total_fee DECIMAL(10, 2) NOT NULL DEFAULT 0 CHECK (total_fee >= 0),
    payment_date TIMESTAMP,
    status VARCHAR(20) CHECK (status IN ('pending', 'paid', 'cancelled')),
    notes TEXT,
    created_at TIMESTAMP DEFAULT CURRENT_TIMESTAMP,
    updated_at TIMESTAMP DEFAULT CURRENT_TIMESTAMP
);

CREATE TABLE role_permissions (
    role_id INTEGER REFERENCES roles(id) ON DELETE CASCADE,
    permission_id INTEGER REFERENCES permissions(id) ON DELETE CASCADE,
    created_at TIMESTAMP DEFAULT CURRENT_TIMESTAMP,
    PRIMARY KEY (role_id, permission_id)
);

-- Tạo các trigger
CREATE TRIGGER trigger_check_max_patients
BEFORE INSERT OR UPDATE ON appointment_lists
FOR EACH ROW
EXECUTE FUNCTION check_max_patients_per_day();

CREATE TRIGGER update_appointment_lists_updated_at
BEFORE UPDATE ON appointment_lists
FOR EACH ROW
EXECUTE FUNCTION update_updated_at_column();

CREATE TRIGGER trigger_check_max_disease_types
BEFORE INSERT ON disease_types
FOR EACH ROW
EXECUTE FUNCTION check_max_disease_types();

CREATE TRIGGER update_disease_types_updated_at
BEFORE UPDATE ON disease_types
FOR EACH ROW
EXECUTE FUNCTION update_updated_at_column();

CREATE TRIGGER trigger_check_max_medicines
BEFORE INSERT ON medicines
FOR EACH ROW
EXECUTE FUNCTION check_max_medicines();

CREATE TRIGGER update_medicines_updated_at
BEFORE UPDATE ON medicines
FOR EACH ROW
EXECUTE FUNCTION update_updated_at_column();

CREATE TRIGGER trigger_check_max_usage_instructions
BEFORE INSERT ON usage_instructions
FOR EACH ROW
EXECUTE FUNCTION check_max_usage_instructions();

CREATE TRIGGER update_usage_instructions_updated_at
BEFORE UPDATE ON usage_instructions
FOR EACH ROW
EXECUTE FUNCTION update_updated_at_column();

CREATE TRIGGER trigger_calculate_total_fee
BEFORE INSERT OR UPDATE ON invoices
FOR EACH ROW
EXECUTE FUNCTION calculate_total_fee();

CREATE TRIGGER update_invoices_updated_at
BEFORE UPDATE ON invoices
FOR EACH ROW
EXECUTE FUNCTION update_updated_at_column();

CREATE TRIGGER trigger_check_medicine_stock
BEFORE INSERT ON prescriptions
FOR EACH ROW
EXECUTE FUNCTION check_medicine_stock();

CREATE TRIGGER trigger_update_medicine_stock
AFTER INSERT ON prescriptions
FOR EACH ROW
EXECUTE FUNCTION update_medicine_stock();

CREATE TRIGGER update_prescriptions_updated_at
BEFORE UPDATE ON prescriptions
FOR EACH ROW
EXECUTE FUNCTION update_updated_at_column();

CREATE TRIGGER update_settings_updated_at
BEFORE UPDATE ON settings
FOR EACH ROW
EXECUTE FUNCTION update_updated_at_column();

CREATE TRIGGER update_patients_updated_at
BEFORE UPDATE ON patients
FOR EACH ROW
EXECUTE FUNCTION update_updated_at_column();

CREATE TRIGGER update_roles_updated_at
BEFORE UPDATE ON roles
FOR EACH ROW
EXECUTE FUNCTION update_updated_at_column();

CREATE TRIGGER update_staff_updated_at
BEFORE UPDATE ON staff
FOR EACH ROW
EXECUTE FUNCTION update_updated_at_column();

CREATE TRIGGER update_medical_records_updated_at
BEFORE UPDATE ON medical_records
FOR EACH ROW
EXECUTE FUNCTION update_updated_at_column();

CREATE TRIGGER update_permissions_updated_at
BEFORE UPDATE ON permissions
FOR EACH ROW
EXECUTE FUNCTION update_updated_at_column();

-- Tạo các view
CREATE VIEW view_appointment_list AS
SELECT 
    al.appointment_date AS "Ngày khám",
    al.order_number AS "STT",
    p.full_name AS "Họ Tên",
    p.gender AS "Giới Tính",
    p.birth_year AS "Năm Sinh",
    p.address AS "Địa Chỉ"
FROM 
    appointment_lists al
JOIN 
    patients p ON al.patient_id = p.id;

CREATE VIEW view_patient_list AS
SELECT 
    p.full_name AS "Họ Tên",
    mr.examination_date AS "Ngày Khám",
    dt.name AS "Loại Bệnh",
    mr.symptoms AS "Triệu Chứng"
FROM 
    patients p
JOIN 
    medical_records mr ON p.id = mr.patient_id
LEFT JOIN 
    disease_types dt ON mr.disease_type_id = dt.id;

CREATE VIEW view_invoice AS
SELECT 
    p.full_name AS "Họ và tên",
    mr.examination_date AS "Ngày khám",
    inv.examination_fee AS "Tiền khám",
    inv.medicine_fee AS "Tiền thuốc",
    inv.total_fee AS "Tổng tiền",
    inv.status AS "Trạng thái"
FROM 
    invoices inv
JOIN 
    medical_records mr ON inv.medical_record_id = mr.id
JOIN 
    patients p ON mr.patient_id = p.id;

CREATE VIEW view_daily_revenue AS
SELECT 
    payment_date::DATE AS "Ngày",
    COUNT(*) AS "Số Bệnh Nhân",
    SUM(total_fee) AS "Doanh Thu"
FROM 
    invoices
WHERE 
    status = 'paid'
GROUP BY 
    payment_date::DATE;

CREATE VIEW view_medicine_usage AS
SELECT 
    m.name AS "Thuốc",
    m.unit AS "Đơn Vị Tính",
    SUM(p.quantity) AS "Số Lượng",
    COUNT(p.id) AS "Số Lần Dùng"
FROM 
    prescriptions p
JOIN 
    medicines m ON p.medicine_id = m.id
GROUP BY 
    m.name, m.unit;

-- Tạo các index để tối ưu hóa truy vấn
CREATE INDEX idx_patients_full_name ON patients(full_name);
CREATE INDEX idx_patients_phone ON patients(phone);
CREATE INDEX idx_appointment_lists_date ON appointment_lists(appointment_date);
CREATE INDEX idx_medical_records_date ON medical_records(examination_date);
CREATE INDEX idx_medical_records_patient ON medical_records(patient_id);
CREATE INDEX idx_prescriptions_medical_record ON prescriptions(medical_record_id);
CREATE INDEX idx_invoices_medical_record ON invoices(medical_record_id);
CREATE INDEX idx_invoices_date ON invoices(payment_date);
CREATE INDEX idx_staff_username ON staff(username);
CREATE INDEX idx_staff_email ON staff(email);
CREATE INDEX idx_staff_role ON staff(role_id);
CREATE INDEX idx_medical_records_examination_date ON medical_records(examination_date);
CREATE INDEX idx_prescriptions_medicine_id ON prescriptions(medicine_id);
CREATE INDEX idx_invoices_payment_date ON invoices(payment_date);

-- Thêm constraints bổ sung
ALTER TABLE usage_instructions ADD CONSTRAINT unique_instruction UNIQUE (instruction);
ALTER TABLE medicines ADD CONSTRAINT check_unit CHECK (unit IN ('viên', 'chai'));

-- Chèn dữ liệu vào bảng settings (đã có trong cấu trúc, giữ nguyên)
INSERT INTO settings (key, value, description) VALUES
    ('max_patients_per_day', '40', 'Số bệnh nhân tối đa mỗi ngày'),
    ('max_disease_types', '5', 'Số loại bệnh tối đa'),
    ('max_medicines', '30', 'Số loại thuốc tối đa'),
    ('max_usage_instructions', '4', 'Số cách dùng tối đa'),
    ('examination_fee', '30000', 'Phí khám mặc định');

-- Chèn dữ liệu vào bảng patients (10 bệnh nhân mẫu)
INSERT INTO patients (full_name, gender, birth_year, phone, address) VALUES
    ('Nguyễn Văn An', 'Nam', 1990, '0901234567', '123 Đường Láng, Hà Nội'),
    ('Trần Thị Bình', 'Nữ', 1985, '0912345678', '45 Nguyễn Huệ, TP.HCM'),
    ('Lê Văn Cường', 'Nam', 1995, '0923456789', '78 Lê Lợi, Đà Nẵng'),
    ('Phạm Thị Duyên', 'Nữ', 2000, '0934567890', '12 Trần Phú, Nha Trang'),
    ('Hoàng Văn Em', 'Nam', 1980, '0945678901', '56 Hùng Vương, Huế'),
    ('Vũ Thị Fương', 'Nữ', 1992, '0956789012', '89 Phạm Văn Đồng, Hà Nội'),
    ('Đặng Văn Giang', 'Nam', 1988, '0967890123', '34 Nguyễn Trãi, TP.HCM'),
    ('Bùi Thị Hà', 'Nữ', 1997, '0978901234', '67 Lê Đại Hành, Đà Nẵng'),
    ('Ngô Văn Hùng', 'Nam', 1983, '0989012345', '23 Lý Thường Kiệt, Nha Trang'),
    ('Mai Thị In', 'Nữ', 1994, '0990123456', '45 Nguyễn Văn Cừ, Huế');

-- Chèn dữ liệu vào bảng disease_types (5 loại bệnh - đúng giới hạn tối đa)
INSERT INTO disease_types (name, description) VALUES
    ('Cảm cúm', 'Bệnh do virus gây ra, triệu chứng sốt, ho, sổ mũi'),
    ('Viêm họng', 'Viêm nhiễm ở họng, đau rát, khó nuốt'),
    ('Tiêu chảy', 'Rối loạn tiêu hóa, đi ngoài nhiều lần'),
    ('Đau đầu', 'Đau nhức đầu do căng thẳng hoặc bệnh lý'),
    ('Viêm da', 'Viêm nhiễm da, ngứa, đỏ da');

-- Chèn dữ liệu vào bảng roles (3 vai trò)
INSERT INTO roles (name, description) VALUES
    ('admin', 'Quản trị viên hệ thống'),
    ('doctor', 'Bác sĩ khám và kê đơn'),
    ('receptionist', 'Nhân viên tiếp nhận và lập hóa đơn');

-- Chèn dữ liệu vào bảng medicines (30 loại thuốc - đúng giới hạn tối đa)
INSERT INTO medicines (name, unit, price, quantity_in_stock, description) VALUES
    ('Paracetamol', 'viên', 500, 1000, 'Giảm đau, hạ sốt'),
    ('Amoxicillin', 'viên', 1000, 500, 'Kháng sinh điều trị nhiễm khuẩn'),
    ('Cefalexin', 'viên', 1500, 600, 'Kháng sinh nhóm cephalosporin'),
    ('Ibuprofen', 'viên', 800, 700, 'Giảm đau, chống viêm'),
    ('Loratadine', 'viên', 600, 800, 'Kháng histamine, trị dị ứng'),
    ('Omeprazole', 'viên', 1200, 400, 'Giảm acid dạ dày'),
    ('Metronidazole', 'viên', 900, 500, 'Kháng sinh trị ký sinh trùng'),
    ('Aspirin', 'viên', 700, 600, 'Giảm đau, chống đông máu'),
    ('Berberine', 'viên', 400, 1000, 'Trị tiêu chảy'),
    ('Dexamethasone', 'viên', 2000, 300, 'Chống viêm, dị ứng'),
    ('Prednisolone', 'viên', 1800, 400, 'Corticoid chống viêm'),
    ('Clarithromycin', 'viên', 2500, 200, 'Kháng sinh macrolid'),
    ('Azithromycin', 'viên', 3000, 150, 'Kháng sinh trị nhiễm khuẩn'),
    ('Domperidone', 'viên', 800, 500, 'Chống nôn, kích thích tiêu hóa'),
    ('Loperamide', 'viên', 600, 600, 'Trị tiêu chảy cấp'),
    ('Salbutamol', 'chai', 15000, 100, 'Giãn phế quản, trị hen suyễn'),
    ('Chloramphenicol', 'chai', 12000, 120, 'Kháng sinh nhỏ mắt'),
    ('Natri clorid 0.9%', 'chai', 5000, 200, 'Dung dịch rửa vết thương'),
    ('Betadine', 'chai', 20000, 80, 'Sát khuẩn ngoài da'),
    ('Hydrogen Peroxide', 'chai', 8000, 150, 'Sát trùng vết thương'),
    ('Ciprofloxacin', 'viên', 2000, 300, 'Kháng sinh quinolone'),
    ('Fluconazole', 'viên', 2500, 200, 'Kháng nấm'),
    ('Acyclovir', 'viên', 2200, 250, 'Kháng virus herpes'),
    ('Montelukast', 'viên', 1800, 300, 'Trị dị ứng, hen suyễn'),
    ('Levofloxacin', 'viên', 2800, 200, 'Kháng sinh fluoroquinolone'),
    ('Doxycycline', 'viên', 1500, 400, 'Kháng sinh tetracycline'),
    ('Nystatin', 'chai', 10000, 100, 'Kháng nấm ngoài da'),
    ('Mupirocin', 'chai', 25000, 80, 'Kháng sinh bôi ngoài da'),
    ('Hydrocortisone', 'chai', 18000, 90, 'Corticoid bôi ngoài'),
    ('Ketoconazole', 'chai', 20000, 100, 'Kháng nấm bôi ngoài');

-- Chèn dữ liệu vào bảng usage_instructions (4 cách dùng - đúng giới hạn tối đa)
INSERT INTO usage_instructions (instruction, description) VALUES
    ('Uống 1 viên/ngày sau ăn', 'Dùng sau bữa ăn để giảm kích ứng dạ dày'),
    ('Uống 2 viên/ngày trước ăn', 'Dùng trước bữa ăn để tăng hấp thu'),
    ('Bôi ngoài da 2 lần/ngày', 'Bôi lên vùng da bị ảnh hưởng'),
    ('Nhỏ 2 giọt/lần, 3 lần/ngày', 'Dùng cho mắt hoặc tai');

-- Chèn quyền chi tiết theo từng chức năng
INSERT INTO permissions (name, description) VALUES
    -- Quyền về bệnh nhân
    ('view_patients', 'Xem thông tin bệnh nhân'),
    ('create_patient', 'Tạo mới bệnh nhân'),
    ('update_patient', 'Cập nhật thông tin bệnh nhân'),
    ('delete_patient', 'Xóa bệnh nhân'),
    ('search_patients', 'Tìm kiếm bệnh nhân'),
    
    -- Quyền về thuốc
    ('view_medicines', 'Xem thông tin thuốc'),
    ('create_medicine', 'Thêm thuốc mới'),
    ('update_medicine', 'Cập nhật thông tin thuốc'),
    ('delete_medicine', 'Xóa thuốc'),
    ('manage_medicine_stock', 'Quản lý tồn kho thuốc'),
    
    -- Quyền về lịch hẹn
    ('view_appointments', 'Xem danh sách lịch hẹn'),
    ('create_appointment', 'Đặt lịch hẹn mới'),
    ('update_appointment', 'Cập nhật lịch hẹn'),
    ('cancel_appointment', 'Hủy lịch hẹn'),
    
    -- Quyền về bệnh án/hồ sơ y tế
    ('view_medical_records', 'Xem hồ sơ y tế'),
    ('create_medical_record', 'Tạo hồ sơ y tế mới'),
    ('update_medical_record', 'Cập nhật hồ sơ y tế'),
    ('delete_medical_record', 'Xóa hồ sơ y tế'),
    
    -- Quyền về đơn thuốc
    ('view_prescriptions', 'Xem đơn thuốc'),
    ('create_prescription', 'Tạo đơn thuốc mới'),
    ('update_prescription', 'Cập nhật đơn thuốc'),
    ('delete_prescription', 'Xóa đơn thuốc'),
    
    -- Quyền về hóa đơn
    ('view_invoices', 'Xem hóa đơn'),
    ('create_invoice', 'Tạo hóa đơn mới'),
    ('update_invoice', 'Cập nhật hóa đơn'),
    ('delete_invoice', 'Xóa hóa đơn'),
    ('process_payment', 'Xử lý thanh toán'),
    
    -- Quyền về loại bệnh
    ('view_disease_types', 'Xem thông tin loại bệnh'),
    ('create_disease_type', 'Thêm loại bệnh mới'),
    ('update_disease_type', 'Cập nhật thông tin loại bệnh'),
    ('delete_disease_type', 'Xóa loại bệnh'),
    
    -- Quyền về cách dùng thuốc
    ('view_usage_instructions', 'Xem hướng dẫn sử dụng thuốc'),
    ('create_usage_instruction', 'Thêm hướng dẫn sử dụng thuốc mới'),
    ('update_usage_instruction', 'Cập nhật hướng dẫn sử dụng thuốc'),
    ('delete_usage_instruction', 'Xóa hướng dẫn sử dụng thuốc'),
    
    -- Quyền về nhân viên và quản trị hệ thống
    ('view_staff', 'Xem thông tin nhân viên'),
    ('create_staff', 'Thêm nhân viên mới'),
    ('update_staff', 'Cập nhật thông tin nhân viên'),
    ('delete_staff', 'Vô hiệu hóa/xóa nhân viên'),
    ('view_roles', 'Xem danh sách vai trò'),
    ('manage_roles', 'Quản lý vai trò và phân quyền'),
    
    -- Quyền về báo cáo và cài đặt
    ('view_reports', 'Xem báo cáo thống kê'),
    ('generate_reports', 'Tạo báo cáo thống kê'),
    ('view_settings', 'Xem cài đặt hệ thống'),
    ('create_setting', 'Tạo mới cài đặt hệ thống'),
    ('update_setting', 'Cập nhật cài đặt hệ thống'),
    ('delete_setting', 'Xóa cài đặt hệ thống');

-- Chèn dữ liệu vào bảng staff (3 nhân viên mẫu: 1 admin, 1 bác sĩ, 1 tiếp tân)
-- Sử dụng mật khẩu plain text để dễ test
INSERT INTO staff (username, password, full_name, email, phone, address, role_id, is_active) VALUES
    ('admin01', 'admin123', 'Nguyễn Admin', 'admin@clinic.com', '0901112233', '123 Đường Láng, Hà Nội', 1, true),
    ('doctor01', 'doctor123', 'Trần Bác Sĩ', 'doctor@clinic.com', '0902223344', '45 Nguyễn Huệ, TP.HCM', 2, true),
    ('receptionist01', 'staff123', 'Lê Tiếp Tân', 'receptionist@clinic.com', '0903334455', '78 Lê Lợi, Đà Nẵng', 3, true);

-- Phân quyền cho vai trò admin - có tất cả quyền
INSERT INTO role_permissions (role_id, permission_id)
SELECT 1, id FROM permissions;

-- Phân quyền cho vai trò bác sĩ (doctor)
INSERT INTO role_permissions (role_id, permission_id)
SELECT 2, id FROM permissions WHERE name IN (
    -- Quyền về bệnh nhân
    'view_patients', 'search_patients',
    
    -- Quyền về thuốc
    'view_medicines',
    
    -- Quyền về lịch hẹn
    'view_appointments', 'update_appointment',
    
    -- Quyền về bệnh án/hồ sơ y tế
    'view_medical_records', 'create_medical_record', 'update_medical_record',
    
    -- Quyền về đơn thuốc
    'view_prescriptions', 'create_prescription', 'update_prescription', 'delete_prescription',
    
    -- Quyền về hóa đơn
    'view_invoices',
    
    -- Quyền về loại bệnh
    'view_disease_types',
    
    -- Quyền về cách dùng thuốc
    'view_usage_instructions',
    
    -- Quyền về báo cáo
    'view_reports'
);

-- Phân quyền cho vai trò lễ tân (receptionist)
INSERT INTO role_permissions (role_id, permission_id)
SELECT 3, id FROM permissions WHERE name IN (
    -- Quyền về bệnh nhân
    'view_patients', 'create_patient', 'update_patient', 'search_patients',
    
    -- Quyền về thuốc
    'view_medicines',
    
    -- Quyền về lịch hẹn
    'view_appointments', 'create_appointment', 'update_appointment', 'cancel_appointment',
    
    -- Quyền về bệnh án/hồ sơ y tế
    'view_medical_records',
    
    -- Quyền về đơn thuốc
    'view_prescriptions',
    
    -- Quyền về hóa đơn
    'view_invoices', 'create_invoice', 'update_invoice', 'process_payment',
    
    -- Quyền về loại bệnh
    'view_disease_types',
    
    -- Quyền về báo cáo
    'view_reports',
    -- Quyền về cài đặt
    'view_settings'
);

-- Chèn dữ liệu vào bảng appointment_lists (40 bệnh nhân cho ngày 2025-04-20 - đúng giới hạn tối đa)
INSERT INTO appointment_lists (patient_id, appointment_date, appointment_time, order_number, status, notes) VALUES
    (1, '2025-04-20', '08:00:00', 1, 'waiting', 'Khám cảm cúm'),
    (2, '2025-04-20', '08:15:00', 2, 'waiting', 'Khám viêm họng'),
    (3, '2025-04-20', '08:30:00', 3, 'waiting', 'Khám tiêu chảy'),
    (4, '2025-04-20', '08:45:00', 4, 'waiting', 'Khám đau đầu'),
    (5, '2025-04-20', '09:00:00', 5, 'waiting', 'Khám viêm da'),
    (6, '2025-04-20', '09:15:00', 6, 'waiting', 'Khám cảm cúm'),
    (7, '2025-04-20', '09:30:00', 7, 'waiting', 'Khám viêm họng'),
    (8, '2025-04-20', '09:45:00', 8, 'waiting', 'Khám tiêu chảy'),
    (9, '2025-04-20', '10:00:00', 9, 'waiting', 'Khám đau đầu'),
    (10, '2025-04-20', '10:15:00', 10, 'waiting', 'Khám viêm da'),
    (1, '2025-04-20', '10:30:00', 11, 'waiting', 'Tái khám cảm cúm'),
    (2, '2025-04-20', '10:45:00', 12, 'waiting', 'Khám viêm họng'),
    (3, '2025-04-20', '11:00:00', 13, 'waiting', 'Khám tiêu chảy'),
    (4, '2025-04-20', '11:15:00', 14, 'waiting', 'Khám đau đầu'),
    (5, '2025-04-20', '11:30:00', 15, 'waiting', 'Khám viêm da'),
    (6, '2025-04-20', '11:45:00', 16, 'waiting', 'Khám cảm cúm'),
    (7, '2025-04-20', '12:00:00', 17, 'waiting', 'Khám viêm họng'),
    (8, '2025-04-20', '12:15:00', 18, 'waiting', 'Khám tiêu chảy'),
    (9, '2025-04-20', '12:30:00', 19, 'waiting', 'Khám đau đầu'),
    (10, '2025-04-20', '12:45:00', 20, 'waiting', 'Khám viêm da'),
    (1, '2025-04-20', '13:00:00', 21, 'waiting', 'Khám cảm cúm'),
    (2, '2025-04-20', '13:15:00', 22, 'waiting', 'Khám viêm họng'),
    (3, '2025-04-20', '13:30:00', 23, 'waiting', 'Khám tiêu chảy'),
    (4, '2025-04-20', '13:45:00', 24, 'waiting', 'Khám đau đầu'),
    (5, '2025-04-20', '14:00:00', 25, 'waiting', 'Khám viêm da'),
    (6, '2025-04-20', '14:15:00', 26, 'waiting', 'Khám cảm cúm'),
    (7, '2025-04-20', '14:30:00', 27, 'waiting', 'Khám viêm họng'),
    (8, '2025-04-20', '14:45:00', 28, 'waiting', 'Khám tiêu chảy'),
    (9, '2025-04-20', '15:00:00', 29, 'waiting', 'Khám đau đầu'),
    (10, '2025-04-20', '15:15:00', 30, 'waiting', 'Khám viêm da'),
    (1, '2025-04-20', '15:30:00', 31, 'waiting', 'Khám cảm cúm'),
    (2, '2025-04-20', '15:45:00', 32, 'waiting', 'Khám viêm họng'),
    (3, '2025-04-20', '16:00:00', 33, 'waiting', 'Khám tiêu chảy'),
    (4, '2025-04-20', '16:15:00', 34, 'waiting', 'Khám đau đầu'),
    (5, '2025-04-20', '16:30:00', 35, 'waiting', 'Khám viêm da'),
    (6, '2025-04-20', '16:45:00', 36, 'waiting', 'Khám cảm cúm'),
    (7, '2025-04-20', '17:00:00', 37, 'waiting', 'Khám viêm họng'),
    (8, '2025-04-20', '17:15:00', 38, 'waiting', 'Khám tiêu chảy'),
    (9, '2025-04-20', '17:30:00', 39, 'waiting', 'Khám đau đầu'),
    (10, '2025-04-20', '17:45:00', 40, 'waiting', 'Khám viêm da');

-- Chèn dữ liệu vào bảng medical_records (5 phiếu khám mẫu)
INSERT INTO medical_records (patient_id, staff_id, examination_date, symptoms, diagnosis, disease_type_id, status, notes) VALUES
    (1, 2, '2025-04-20', 'Sốt, ho, sổ mũi', 'Cảm cúm thông thường', 1, 'completed', 'Cần nghỉ ngơi, uống nhiều nước'),
    (2, 2, '2025-04-20', 'Đau rát họng, khó nuốt', 'Viêm họng cấp', 2, 'completed', 'Tránh đồ lạnh'),
    (3, 2, '2025-04-20', 'Đi ngoài nhiều lần, đau bụng', 'Tiêu chảy cấp', 3, 'completed', 'Bù nước, điện giải'),
    (4, 2, '2025-04-20', 'Đau nhức đầu, chóng mặt', 'Đau đầu do căng thẳng', 4, 'completed', 'Nghỉ ngơi, giảm căng thẳng'),
    (5, 2, '2025-04-20', 'Ngứa, đỏ da vùng tay', 'Viêm da dị ứng', 5, 'completed', 'Tránh tiếp xúc chất kích ứng');

-- Chèn dữ liệu vào bảng prescriptions (10 đơn thuốc mẫu)
INSERT INTO prescriptions (medical_record_id, medicine_id, staff_id, quantity, usage_instruction_id, notes) VALUES
    (1, 1, 2, 10, 1, 'Uống khi sốt cao'), -- Paracetamol cho cảm cúm
    (1, 5, 2, 5, 1, 'Trị dị ứng'), -- Loratadine
    (2, 2, 2, 14, 1, 'Kháng sinh'), -- Amoxicillin cho viêm họng
    (2, 4, 2, 6, 1, 'Giảm đau'), -- Ibuprofen
    (3, 9, 2, 10, 1, 'Trị tiêu chảy'), -- Berberine
    (3, 18, 2, 1, 1, 'Bù nước'), -- Natri clorid
    (4, 1, 2, 8, 1, 'Giảm đau đầu'), -- Paracetamol
    (4, 8, 2, 5, 1, 'Hỗ trợ giảm đau'), -- Aspirin
    (5, 10, 2, 4, 3, 'Bôi vùng da viêm'), -- Dexamethasone
    (5, 19, 2, 1, 3, 'Sát khuẩn da'); -- Betadine

-- Chèn dữ liệu vào bảng invoices (5 hóa đơn mẫu)
INSERT INTO invoices (medical_record_id, staff_id, examination_fee, medicine_fee, total_fee, payment_date, status, notes) VALUES
    (1, 3, 30000, 5500, 35500, '2025-04-20 10:00:00', 'paid', 'Thanh toán tiền mặt'),
    (2, 3, 30000, 13400, 43400, '2025-04-20 11:00:00', 'paid', 'Thanh toán chuyển khoản'),
    (3, 3, 30000, 9000, 39000, '2025-04-20 12:00:00', 'paid', 'Thanh toán tiền mặt'),
    (4, 3, 30000, 5700, 35700, '2025-04-20 13:00:00', 'paid', 'Thanh toán tiền mặt'),
    (5, 3, 30000, 28000, 58000, '2025-04-20 14:00:00', 'paid', 'Thanh toán chuyển khoản');